
<!--
  This Behavior Tree replans the global path periodically at 1 Hz and it also has
  recovery actions specific to planning / control as well as general system issues.
  This will be continuous if a kinematically valid planner is selected.
-->
<root main_tree_to_execute="MainTree">
  <BehaviorTree ID="MainTree">
    <RecoveryNode number_of_retries="100" name="NavigateRecovery">
      <PipelineSequence name="NavigateWithReplanning">
        <ControllerSelector selected_controller="{selected_controller}" default_controller="FollowPath" topic_name="controller_selector"/>
        <PlannerSelector selected_planner="{selected_planner}" default_planner="GridBased" topic_name="planner_selector"/>
        <RateController hz="3.0">
          <RecoveryNode number_of_retries="1" name="ComputePathToPose">
            <ComputePathToPose goal="{goal}" path="{path}" planner_id="{selected_planner}" />
            <ClearEntireCostmap name="ClearGlobalCostmap-Context" service_name="global_costmap/clear_entirely_global_costmap"/>
          </RecoveryNode>
        </RateController>
        <ReactiveSequence name="MonitorAndFollowPath">
          <PathLongerOnApproach path="{path}" prox_len="3.0" length_factor="2.0">
            <RetryUntilSuccessful num_attempts="1">
              <SequenceStar name="CancelingControlAndWait">
                <CancelControl name="ControlCancel"/>
                <Wait wait_duration="5.0"/>
              </SequenceStar>
            </RetryUntilSuccessful>
          </PathLongerOnApproach>
          <RecoveryNode number_of_retries="1" name="FollowPath">
            <FollowPath path="{path}" controller_id="{selected_controller}"/>
            <ClearEntireCostmap name="ClearLocalCostmap-Context" service_name="local_costmap/clear_entirely_local_costmap"/>
          </RecoveryNode>
        </ReactiveSequence>
      </PipelineSequence>
      <ReactiveFallback name="RecoveryFallback">
        <GoalUpdated/>
        <RoundRobin name="RecoveryActions">
          <Sequence name="ClearingActions">
            <ClearEntireCostmap name="ClearLocalCostmap-Subtree" service_name="local_costmap/clear_entirely_local_costmap"/>
            <ClearEntireCostmap name="ClearGlobalCostmap-Subtree" service_name="global_costmap/clear_entirely_global_costmap"/>
          </Sequence>
          <Spin spin_dist="0.002"/>
          <Wait wait_duration="0.001"/>
          <BackUp backup_dist="0.0005" backup_speed="0.025"/>
        </RoundRobin>
      </ReactiveFallback>
    </RecoveryNode>
  </BehaviorTree>
</root>
